body,title
"
La alcaldía de Tlalpan suspendió la venta de bebidas alcohólicas a partir de hoy y hasta el próximo 2 de junio, como medida de prevención por las festividades populares y tradicionales para que no se propague el Covid-19.
El acuerdo publicado en la Gaceta oficial ordena la suspensión de actividades para vender bebidas alcohólicas en todas sus graduaciones, a partir de este miércoles y hasta las 00:00 horas del día 02 de junio de este año, en los establecimientos mercantiles ubicados en toda la demarcación territorial en Tlalpan.
También se ordena la prohibición del consumo y venta de bebidas alcohólicas en todas sus graduaciones en los establecimientos que se instalen temporalmente con motivo de estas ferias, festividades populares y tradicionales en la vía pública. 
“Igualmente se prohíbe la venta y expendio de bebidas alcohólicas en el interior de las ferias, romerías, kermeses, tianguis, mercados, festejos populares y otros lugares en donde se presenten situaciones similares en cuanto al consumo y venta de bebidas alcohólicas”, informó la alcaldía.
 
Las 8 demarcaciones que ya aplican esta restricción a las bebidas alcohólicas son: Coyoacán, Miguel Hidalgo, Xochimilco, Gustavo A. Madero, Cuajimalpa, Milpa Alta, Magdalena Contreras y Álvaro Obregón.
",Tlalpan decreta Ley Seca a partir de hoy; suman 9 alcaldías
"
La jefa de Gobierno, Claudia Sheinbaum, informó que actualmente hay una ocupación del 30% la red hospitalaria que no requiere ventilación por Covid-19 en la Zona Metropolitana del Valle de México y de 55% de la Unidad de Ciudados Intensivos que requiere ventiladores. 
Recordó que hay 54 hospitales que están a disposición de los pacientes de esta enfermedad y hay disponibles mil 500 camas con ventiladores. 
Expuso que, pese a que va aumentando la ocupación, también se está trabajando en el incremento de la capacidad, principalmente de unidades con ventiladores, por lo que está semana, podrían estar 500 camas más. 
Defendió las medidas de aislamiento que han tomado en la capital para evitar contagios por Covid-19, pues aseguró que de no haberlas tomado, se habría sobrepasado la capacidad hospitalaria.
“Si no hubiéramos tomado ninguna decisión de aislamiento físico, de alto a muchísimas de las actividades económicas, por lo menos estaríamos en este momento 3 o 4 veces en el nivel que estamos actualmente. Si no hubiéramos tomado estas decisiones, estaríamos sobrepasados en la capacidad hospitalaria, que estaríamos 3 o 4 veces más de lo que estamos ahora”, comentó.
Dio a conocer que de acuerdo con el último reporte de la Secretaría de Salud federal, en la Ciudad de México se tiene registro de 4 mil 152 casos acumulados y 328 defunciones por la Covid-19.
“Es importante seguir todas estas medidas, por lo menos este mes, que se ha planteado para la Zona Metropolitana del Valle de México, esto nos permite sortear esta pandemia de una manera que vamos administrando los casos, por así decirlo, y podemos evitar más muertes, que de otra manera estarían ocurriendo”, comentó.

Estiman despidos por Covid-19

El gobierno de la Ciudad de México estima que debido a la emergencia sanitaria por Covid-19, en la capital se podrían perder más de 100 mil empleos.
“Si nos basamos en lo que pasó en el 2009 con la influenza y lo analizamos desde la perspectiva del Covid, tendríamos un aproximado de 100 mil desempleados nuevos”, comentó la titular de la Secretaría del Trabajo y Fomento al Empleo, Soledad Aragón.
 
 Destacó que es muy aventurado dar una cifra de esa naturaleza, por lo que han estado evaluando mes con mes los datos que les está proporcionando el Instituto Mexicano Seguro Social.
",Llega a 55% ocupación de hospitales con cuidados intensivos por Covid-19: Sheinbaum
"

El Instituto Electoral de la Ciudad de México (IECM) tiene bajo la mira al alcalde de Miguel Hidalgo, nos aseguran. El árbitro electoral de la CDMX inició una investigación al morenista Víctor Hugo Romo, por una presunta promoción política en redes sociales, cuando está prohibido hacerlo en estos momentos. Resulta que don Víctor difundió en su cuenta de Twitter las diversas obras que ha realizado en su gestión, además de colocar su fotografía, hecho que es considerado como un acto de proselitismo. Ahora el alcalde se suma la lista de sus compañeros de partido que están bajo investigación por presunto proselitismo en esta pandemia.

Ven tintes políticos en amparos

La situación en el sistema de Salud en el Estado de México, a cargo de Gabriel O´Shea Cuevas, es complicada. Nos dicen que la promoción de juicios de amparo para la entrega de material médico a personal que atiende a pacientes con Covid-19 tiene tintes políticos. En especial mencionan el caso de Miguel Ángel Carrillo, apoderado legal del Sindicato Estatal de Servicios de Salud, y dicen que ligado a Morena. Tal aseveración la fundamentan al mencionar que su agrupación carece de registro oficial como sindicato, nadie sabe cuántos afiliados tiene y que con dichos amparos podría incurrir en un delito al engañar con su figura política a los jueces que le respondieron. Ante dichos señalamientos, don Miguel Ángel deberá estar muy atento para presentar sus argumentos.

Dice Clara Brugada que trabaja mucho contra la pandemia

La que dice que está trabajando a todo lo que da es la alcaldesa de Iztapalapa, Clara Brugada, quien nos hace una reseña de todas las acciones que asegura ha realizado para tratar de combatir la pandemia del Covid-19. Menciona el retiro de 56 mil tianguistas y comerciantes de la vía pública, la sanitización y desinfección de 124 campamentos de viviendas precarias, y la distribución de un millón de cubrebocas, de los cuales 100 mil se dieron en accesos de 20 estaciones del Metro, entre otras muchas acciones. Sin embargo, al parecer la larga lista que nos presume doña Clara no ha podido lograr que la demarcación a su cargo deje el primer lugar de casos confirmados de coronavirus y el segundo en decesos, por lo que habrá que hacer todavía más trabajo.
",Investigan al alcalde de Miguel Hidalgo
"
Televisa desmintió a un medio de comunicación sobre una nota de supuestos despidos de 150 empleados en TUDN. 
La televisora, a través de su área de prensa,  comunicó que los trabajadores en México no fueron afectados, pero confirmó la de cinco personas en Estados Unidos. 
 

Totalmente falso
 Desmentimos a @MXFutbolTotal por la publicación de hoy sobre ""Despidos en TUDN"".
 En @TUDNMEX no se ha despedido a un solo empleado y en @TUDNUSA el recorte solo ha afectado a cerca de 5 personas. #FakeNews https://t.co/Y1db5N1vle
 — Televisa Prensa #QuédateEnCasa (@Televisa_Prensa) April 29, 2020

En Barra Brava se adelantó que las oficinas de Univisión, socia de Televisa en el país vecino, comenzó a despedir personal y que habían afectado al área de Deportes, mismos que fueron dados de baja y que la empresa anunció este miércoles en redes sociales.
   
La suspensión de actividades deportivas a nivel internacional han mermado a diversas industrias y las televisoras forman parte de los daños colaterales por la pandemia Covid-19.
",Televisa desmiente a medio de comunicación sobre nota de despidos
"

Juchitán.— De manera sorpresiva, la restricción en la venta de bebidas alcohólicas impuesta por la autoridad municipal se suspendió ayer en Salina Cruz.

Largas filas se vieron afuera de los depósitos para comprar cervezas. Al respecto, el edil Juan Carlos Atecas Altamirano, indicó que su gobierno no autorizó la venta y todo se debió a “un malentendido”. Adelantó que valorará con las autoridades estatales y federales el tema.

 
",Reanudan venta de cerveza por “mal entendido” en Oaxaca
"





La última persona en osar amenazar a Nemesio Oseguera Cervantes por video terminó muerto, ese fue el desenlace del youtuber Juan Luis Lagunas Rosales, quien fue acribillado antes de presentar su show en un Bar de Zapopan. 
Pero la primera vez en el que una persona confronta al Cártel Jalisco Nueva Generación se remonta al 2013, en redes sociales se difundió la grabación en la que aparecen tres mujeres enmascaradas, usando una blusa con el mismo diseño y en el que se aprecian las siglas ‘A.G.’
Se presentaron como locatarias de la calle Obregón, una de las zonas comerciales más importantes de Guadalajara y quizá del país, hacían referencia de estar cansadas de las extorsiones y secuestros de las que eran objeto.
En el mensaje mencionan textualmente: “no podemos seguir manteniendo lacras. Pónganse a ver en el futuro que les espera a nuestros hijos, ya que son pocos los que van a la escuela porque tienen que trabajar para que alcance el poco dinero que nos dejan esos bandidos, es por eso que nosotras las mujeres nos animamos a hacer esto y a darles a conocer para pedirles que se una a esta causa”.
El CJNG creció y se afianzó como la organización criminal más poderosa del país durante el sexenio de Enrique Peña Nieto; gracias a sus estrategias sanguinarias y en los últimos años protagonizaron varias jornadas de violencia con miles de muertes.
De las mujeres no se conoció su identidad o afiliación, pero nunca más volvieron a viralizar videos para exigir la salida de la banda del Mencho.
VER:El Mencho’ y su primera guerra
El Mencho, un narco casi fantasmal
Quiénes son los herederos de ‘El Mencho’
",El día que tres mujeres amenazaron al ‘Mencho’
"
La suspensión de los entrenamientos y de los eventos deportivos no es lo único por lo que sufren algunos atletas; el paro de labores escolares y la lucha de algunas familias por mantenerse a flote económicamente son otros de los estragos que está dejando la pandemia ocasionada por coronavirus.

Jimena Martínez Franco es una esgrimista queretana de alto rendimiento, además está estudiando la Licenciatura en Educación Física y Ciencias del Deporte en la Universidad Autónoma de Querétaro, por si eso fuese poco, ayuda a su familia en el negocio familiar amenizando eventos sociales durante el fin de semana.

Desde que la iniciativa Quédate en Casa del gobierno federal se puso en marcha, para evitar que la pandemia se siga esparciendo por nuestro país, Jimena, como muchos otros, se ha tenido que adaptar para realizar sus actividades.

“La parte de entrenamiento no me está costando, siento que estoy saliendo beneficiada porque tengo más tiempo, me puedo organizar un poco más y no tengo que estar recorriendo largas distancias para entrenar, pero en la cuestión de la escuela sí está complicado porque los maestros cargaron un poco las tareas, sobre todo dejaron investigaciones”, explica.

Negocio familiar

Jimena pertenece a una familia de cuatro integrantes, el negocio de su padre está enfocado en amenizar fiestas con un grupo versátil. Desde los 6 años de edad descubrió que podía cantar, y conforme pasaron los años su papá decidió incluirla en el grupo. Jimena canta enfundada en bellos trajes de mariachi y da muestras de su talento artístico. También dan el servicio de renta de mesas, sillas, inflables y todo lo necesario para que la fiesta sea una verdadera “pachanga” mexicana.

“El primer fin de semana que ya estábamos en cuarentena tuvimos trabajo, fue un evento muy largo y creo que fue lo que nos ayudó, pero ahorita no hay nada, ha sido complicado, veo la cara de mis papás y los veo preocupados, tampoco es que yo pueda traer dinero”, explica.

Lo que puede parecer un oficio muy demandante y lucrativo se ha quedado totalmente paralizado por la pandemia, que no solamente ha afectado la salud de miles de personas, sino también sus patrimonios.

Vida de deportista

Desde muy niña, la queretana desarrolló un talento para la esgrima, fue aceptada en la escuela de alto rendimiento en Querétaro Talentos Deportivos, ha sido medallista nacional y hoy, con 18 años cumplidos, representa a la Universidad Autónoma de Querétaro dentro del Consejo Nacional del Deporte y la Educación (Conade).

La atleta pertenece a Esgrima Querétaro, club que ha implementado un nuevo sistema de entrenamiento a través de videoconferencia con la aplicación Zoom.

“La verdad es que los entrenadores han estado muy al pendiente, hacemos la videollamada, a todos nos silencian el micrófono y van checando las cámaras de cada uno, y si ven que alguien está haciendo mal el ejercicio te corrigen, siento que tienen un poco más organizado el grupo y siento que para mí ha sido más favorable”, expresa.

Ocupa su sala para entrenar y ha logrado mantener el ritmo gracias a que su hermana también es esgrimista. La contingencia no ha traído solamente cosas malas. Jimena vive en la zona norte de la ciudad de Querétaro, su escuela está a 40 minutos en autobús, tanto de ida como de regreso, entra a la universidad a las 07:00 horas y aproximadamente sale a las 17:00 horas, por lo que los entrenamientos habían quedado en segundo plano.

“Antes de esto me había estado lesionando, no había podido entrenar bien y subí mucho de peso, porque me queda deja lejos la escuela y el lugar de entrenamiento, y se me dificultaba salir de clases e ir a entrenar y comencé a faltar. Entonces al estar en casa he recuperado algo de condición gracias a que he podido entrenar sin problema”, menciona la deportista queretana.

Durante febrero, Jimena consiguió su pase a la Universiada Nacional, la primera de su carrera, logró la clasificación pese a estar lesionada, lo que significó un impulso anímico para retomar la importancia de su deporte; esta cuarentena también ayudará a que la lesión sane.

Estudio desde casa

El primer año de universidad ha sido complicado para la esgrimista, la licenciatura que estudia implica lo práctico con materias como natación, futbol, atletismo entre otras; por lo que ahora hacer todo desde casa ha resultado difícil para ella.

“Los maestros sí han estado pesados, muchos de mis compañeros estamos en desacuerdo, porque en la universidad es diferente, si pierdes una clase, pierdes información para el siguiente semestre. Y siento que las tareas son demasiadas, y pues los tiempos no son los mismos para todos, algunos trabajan.

“Es lo bonito de la licenciatura, que además de lo teórico es práctica, y te da experiencia, entonces el hecho de tener que estar haciendo solamente diapositivas es muy tedioso”, explica.

Estos días de encierro también han sido reflexivos para la esgrimista: “Desde la primaria no pasaba tanto tiempo en mi casa, ha sido complicado porque no estamos acostumbrados a convivir tanto.

“Me ha ayudado en cuestión de tareas, ya que tenía muchos pendientes y he logrado ponerme al corriente, y algo que me marcó ahora es que tenía una nula relación con mi hermana y en este momento me he acercado mucho a ella, creo que no le tomamos la importancia a la gente que te rodea, y es algo que ahorita estoy valorando”, concluye.
","Cuarentena. Atleta divide sus días entre estudio, trabajo y práctica "
"
En medio de la mayor tragedia sanitaria y económica, el subsecretario para América del Norte de la cancillería mexicana, el doctor Jesús Seade Kuri, se la vive en Hong Kong.
Si la orden es “quédate en casa”, Seade la acató sin miramientos: desde hace más de una década, su casa está en Hong Kong. A 13 mil kilómetros de su oficina en la Ciudad de México. Y en lo que va de este año, ha pasado largas temporadas en esa ciudad china, según me confirman distintas fuentes oficiales en la Secretaría de Relaciones Exteriores. “Se da sus vueltas a México, como patrón de hacienda”, resume un alto funcionario indignado.
Así que mientras México negocia con Estados Unidos la reactivación coordinada de las cadenas de producción tras el cierre obligado por la pandemia, mientras México cabildea con Estados Unidos la provisión de ventiladores para quienes corren riesgo de muerte por el coronavirus, mientras Estados Unidos anuncia que el 1 de julio empieza a operar el TMEC, el subsecretario encargado de la relación internacional más importante y estratégica del gobierno está ausente, lejano, políticamente inexistente.
En la Secretaría de Relaciones Exteriores (SRE) se sabe que Hong Kong es el lugar al que Seade llama “hogar”. Se estableció allá desde el año 2007 y ha tenido diversos empleos en esa moderna ciudad que pelea por su independencia del gobierno central chino. El subsecretario Seade Kuri ha implementado el “home-office” desde antes que fuera una recomendación oficial: él trabaja desde Hong Kong. Y no es la primera vez que se descubre:
A principios de febrero, cuando empezaron las restricciones de vuelos por la pandemia, le revelé que el doctor Seade había quedado atrapado en Hong Kong. Él lo tuvo que aceptar públicamente. Funcionarios de la Cancillería mexicana trabajaron arduamente para tratar de conseguirle un vuelo que lo sacara de ahí. Surgió de inmediato el cuestionamiento: ¿qué hace el subsecretario para América del Norte en Hong Kong? Él, que no había revelado nada de su supuesto viaje de trabajo, se vio orillado a declarar que se había reunido con el “círculo financiero” local para explicarles las oportunidades de inversión que representaba México con el TMEC.
Cuando estalló el tema del cierre de la frontera terrestre México-Estados Unidos por impulso de Trump, a mediados de marzo, ¿dónde estaba Seade? ¡En Hong Kong!
De hecho, la última aparición pública de Seade en México, según el registro oficial de la cancillería, data del 5 de marzo (hace casi dos meses) cuando se reunió con senadores. El 17 de marzo (diez días antes de la entrada en vigor del “quédate en casa”), el canciller Ebrard tuvo una reunión vía internet con los embajadores y cónsules de Estados Unidos y Canadá, los países de América del Norte. En la fotografía que publicó en Twitter hay varios funcionarios atendiendo presencialmente el encuentro desde una sala de juntas de la SRE. Seade no está entre ellos: se conectó por teléfono.
Las notables ausencias del subsecretario Seade no son sólo de este año.
Cuando reventó la crisis de la amenaza de Trump de poner aranceles, el subsecretario fue un rato a Washington… ¡y de ahí voló a Líbano! “En el Día-D no estuvo ahí”, me comenta una fuente. El viaje de Seade dejó boquiabierta a la de por sí estrecha delegación mexicana enviada a resolver el problemón. Este viaje está documentado en el portal de Transparencia de la SRE: Fue la comisión 0487 UR: 200 – 0065/2019 del 2 al 13 de junio del 2019, y ahí especifica que el destino inicial es Washington, que de ahí vuela a Beirut y luego regresa a la Ciudad de México. En ese momento crítico para la relación México-EEUU, Seade Kuri justifica en el documento oficial que fue a Líbano a participar como orador en una cena y a dar cuatro conferencias.
Del 13 al 19 de diciembre del 2018 la comisión COM 1716 UR: 200-0124/2018 señala que voló a Washington D.C. y de ahí a Hong Kong.
Del 22 al 27 de marzo de 2019, según consta en el Informe de Comisiones Oficiales 0111 UR 200-0013-2019 fue a Dallas, de ahí a Hong Kong, luego a Beijing y de regreso a México.
A los quince días, del 13 al 24 de abril de 2019 el documento de comisión 0163 UR: 200 – 0035/2019 le autoriza el viaje a Washington, de ahí a Hong Kong, luego a San Francisco, California, y a la Ciudad de México.
(Todos los documentos pueden consultarse en www.carlosloret.com)
A estas alturas, muchos funcionarios de la Secretaría de Relaciones Exteriores están hartos y enojados con la desaparición del subsecretario. La Subsecretaría de América del Norte solía ser la más importante de todas, una máquina bien aceitada en la que se consideraba un honor trabajar. Ha perdido prestigio.
Ojalá esta columna sirva para transparentar el número de viajes que ha hecho el subsecretario a Hong Kong, el número de días que ha pasado ahí, su justificación, el gasto que ha representado en vuelos y viáticos, así como la explicación de si así funciona el funcionario.
Consulte documentos en: https://interactivo.eluniversal.com.mx/online/pdf-20/PDF-columna-loret.pdf
",El subsecretario de América del Norte… ¡se la vive en Hong Kong!
" 0 % PULSO SOCIAL0 A pesar de los esfuerzos de la comunidad médica y científica, es cierto que aún hay muchas cosas que se desconocen sobre el coronavirus. Es por ello que constantemente se actualizan los listados con síntomas de esta enfermedad.
Es importante señalar que tanto la Organización Mundial de la Salud (OMS) como los Centros para el Control y Prevención de Enfermedades (CDC) tienen sus propias listas oficiales con síntomas de la enfermedad. Ambos coinciden que los signos más claros son fiebre y tos seca.
Sin embargo, en De10.mx te presentamos otras 10 características de los pacientes con coronavirus:  
1. Confusión repentina
Los CDC señalan que la confusión repentina, así como la incapacidad de despertarse/estar alerta, es un síntoma de coronavirus que podría necesitar atención de emergencia.
 
2. Labios o cara azul
Si tú o una persona cercana presentan labios o cara azulados, los CDC recomiendan buscar atención médica de manera urgente.

 
 
 

Ver esta publicación en Instagram

Una publicación compartida de Pan Am Health Organization (@opspaho) el 27 Feb, 2020 a las 10:16 PST


 
3. Diarrea o problemas intestinales
Aunque al principio no se incluían los problemas gastrointestinales en la lista de síntomas del SARS-CoV-2, a medida que hay nueva información al respecto, se ha descubierto que muchos pacientes presentan estas señales de la enfermedad, al grado de que la OMS ya lo incluye entre los síntomas reconocidos.
 
4. Conjuntivitis
De acuerdo con un estudio publicado en el Journal of the American Medical Association, de 38 pacientes chinos con Covid-19 que fueron analizados, el 32% tenía síntomas de conjuntivitis. Otros estudios apoyan esta relación entre la conjuntivitis y el coronavirus, pero este no es un síntoma reconocido ni por la OMS ni por los CDC.
 
5. Pérdida del olfato y gusto
En casos leves y moderados del coronavirus, es común presentar anosmia, pérdida del olfato y gusto. El CDC reconoce esta señal como síntoma de la enfermedad y se cree que se presenta con mayor incidencia en pacientes que no tenían otros malestares vinculados a la enfermedad.
 Estudio revela que las lágrimas pueden contagiar el coronavirus

 
 
 

Ver esta publicación en Instagram

Una publicación compartida de Pan Am Health Organization (@opspaho) el 1 Feb, 2020 a las 11:42 PST


 
6. Fatiga
La OMS enlista la fatiga entre los síntomas más comunes de esta enfermedad, pero es importante señalar que este malestar puede prevalecer mucho después de que el Covid-19 salga del sistema del paciente.
 
7. Escalofríos
El CDC enlista los escalofríos, así como los temblores constantes, como síntomas del Covid-19. Aunque aún no se conoce la relación entre este malestar y la infección, es una de las señales de alarma tempranas en la enfermedad.
 
8. Dolor de cabeza
El CDC confirmó que uno de los síntomas tempranos de la enfermedad son los dolores de cabeza. Aunque por si solos no son un signo claro del coronavirus, en combinación con otras señales podrían indicar que estás infectado.
 

 
 
 

Ver esta publicación en Instagram

Una publicación compartida de Centers for Disease Control (@cdcgov) el 22 Mar, 2020 a las 9:15 PDT


 
9. Malestar muscular
El CDC también agregó el malestar muscular a la lista oficial de síntomas del coronavirus. Una gran cantidad de pacientes reportó sentir “el cuerpo cortado” y dolor general en los músculos.
 
10. Lesiones en los pies
El Consejo General de Colegios Oficiales de Podólogos (CGCOP) de España abrió un registro de posibles casos de coronavirus que presentan pequeñas lesiones dermatológicas en los pies. Aunque no se ha confirmado como un síntoma oficial, ha generado alarma la presencia de lesiones en dedos de las manos y los pies en varios pacientes.
TARJETA:

 
 
 

Ver esta publicación en Instagram

Una publicación compartida de De10.mx (@de10mx) el 24 Mar, 2020 a las 7:00 PDT


Gráfico. Mitos sobre el coronavirus desmentidos por la OMS
 
",
"

León, Gto.- En la Casa-Hogar Tepeyac para ancianos nadie entra y nadie sale; sus 30 moradores llevan más de 40 días aislados en esta cuarentena por el Covid-19.

Extrañan las visitas de estudiantes, sus juegos y las paletas de hielo que les llevaban. “¿Y cuándo se va a acabar esto?”, preguntan con frecuencia a las monjas que los cuidan.

Siete religiosas de la Congregación de Las Hijas Mínimas de María Inmaculada viven el encierro al lado de los adultos que tienen entre 70 y 98 años. Ellas son estrictas en la aplicación de los protocolos de salubridad para evitar que el coronavirus ingrese a la casa.

“No queremos arriesgarlos”, dice Ana Karen Castro, trabajadora social de la institución.

Desde la reja principal del asilo se ve la imagen de la Virgen de Guadalupe plasmada en mosaicos de la parte superior de la fachada interna. Por una pequeña ventana de la segunda puerta de acceso al inmueble se asoma una monja para ver quién llama; son un par de empleados del DIF que buscan espacio para un adulto mayor.

“No estamos admitiendo nuevos ingresos por la situación”, les responde María Matilde, de 78 años, encargada de la puerta de ingreso de esta casa, anexa al Instituto América, en León Moderno.

En todo Guanajuato operan 101 asilos, de acuerdo con el registro de la Secretaría de Salud estatal; cuatro de ellos se encuentran en la capital del estado, entre ellos el Centro de Atención para Ancianos del INAPAM. La dependencia afirma que todos ellos están obligados a seguir los protocolos derivados de la contingencia sanitaria.

Un grupo vulnerable

En la primera quincena de marzo la madre María Eleuteria, directora de la casa-hogar, acató las disposiciones emitidas por la Secretaría de Salud federal de aislamiento social e higiene por la seguridad de los residentes y de las monjas, varias de ellas mayores de 65 años, por lo que también están en el grupo de más riesgo al Covid-19.
 También lee: ""Adultos mayores no alcanzan a entender la situación del Covid-19"", advierten

“Claro que soy del grupo vulnerable, por eso traigo cubrebocas”, dice la hermana Matilde.

Los adultos mayores se sorprenden por ver que las hermanas usan cubrebocas; preguntan: “¿Por qué?” y al escuchar que es a causa de una pandemia, les responden: “Eso no es cierto”.

En Guanajuato, la población mayor de 60 años asciende a 580 mil 767 personas, de las cuales 46% (258 mil) son hombres y 54% (299 mil) son mujeres, según la encuesta Intercensal 2015 del Inegi.

El aislamiento los entristece

Antes del inicio de la cuarentena la Casa-Hogar Tepeyac dio la opción a sus inquilinos de dejar el albergue, y aclaró que por la pandemia quedarían suspendidas todas las visitas, incluidas las de sacerdotes que oficiaban la misa en su capilla, así como las idas al cine y los paseos. Todos decidieron permanecer en el inmueble, 25 de ellos no tienen familia.

En cartulinas plasmaron su voluntad: “Me quedo en casa. Casa-Hogar Tepeyac A.C.”
 En la fachada de la casa-hogar fue colocado un letrero en el que se pide a la gente no donar ropa por el riesgo de contagio de coronavirus.
 

Los hombres y mujeres mayores sin familia han hecho amigos que en ocasiones llegaban a visitarlos. Ahora, al llevar más de 40 días confinados, extrañan la presencia de los estudiantes jóvenes que convivían con ellos, les llevaban regalos como dulces o paletas.

“Se sienten tranquilos, pero no dejan a un lado la tristeza, porque ahorita nadie los visita. La verdad, cuando venían alumnos de las escuelas, pues sí les alegraban el día, porque los ponen a hacer juegos”, comenta la trabajadora social. Ahora, las religiosas hacen actividades con ellos para darles sosiego, juegan con ellos a la lotería, les ponen películas y ven misa por televisión.

“Yo creo que también ellos extrañan, porque dicen: ‘¿Y hasta cuándo termina?’; ‘y es que ya los extrañamos’; ‘ya queremos ver a nuestro familiar’; ‘¿cuándo vamos a ir al cine?’; ‘¿cuándo vamos a salir?’”, platica Ana Karen.

Dice que las puertas del asilo se volverán a abrir hasta que las autoridades sanitarias digan que ya no hay peligro de un contagio.

La hermana Matilde afirma que los ancianos están seguros en la casa-hogar. Las medidas de cuidado y protección han funcionado, pero aunque todos están bien, si surge algún caso sospechoso de Covid-19, la persona tendría que ser llevada a un hospital o al IMSS, si está afiliada.

Personal del DIF hace sanitización semanal a la casa-hogar, desde afuera, sin abrir la reja; de la higiene interna se encargan las religiosas, y sólo un grupo de ellas está en contacto con los adultos mayores, otros no pasan, no ingresan a las habitaciones, comedores ni áreas de esparcimiento.

Bajan las donaciones

La Casa-Hogar Tepeyac se sostiene de donaciones, aunque tiene establecido el pago de cuotas, sólo cinco de sus residentes hacen la aportación, que es de 500 pesos.

Las restricciones de acceso impactaron en la caída de apoyos de los bienhechores, bajaron las ayudas en especie y donaciones, lo que llevó a las monjas a pedir apoyo en sus redes sociales.

La religiosa comparte que necesitan cubrebocas, gel antibacterial, toallitas húmedas, leche tetrapack deslactosada o en polvo, avena, pastas, frijol, aceite, azúcar y puré de tomate; también líquido para limpieza y cloro.

Pide a la gente que no se les olvide la solidaridad con quienes más los necesita. “Lo que nos traigan es bien recibido”.

 
","Desde el asilo, así viven la pandemia: algunos ancianos no creen en el virus"
"
Cualquier producto que sea 100% de importación, como pueden ser algunos aerosoles o toallas desinfectantes que son muy requeridos en estos días de emergencia sanitaria por el Covid-19, pueden registrar un 30% de aumento ya que están ligados al tipo de cambio, dijo el titular de la Profeco, Ricardo Sheffield Padilla.
Hay otros productos que tienen algún componente de importación como lo es la leche, que si bien las vacas están en México su alimento, vacunas, medicinas y equipo para ordeñarlas vienen de otros países, eso significa que el 40% del precio de la leche tiene que ver con insumos de importación y el 60% se liga al mercado nacional.
Durante su participación en la mesa de análisis “El papel de las cadenas comerciales en la atención de la crisis” que organizó el Consejo Coordinador Empresarial (CCE), afirmó que, “cuando un producto es importado de manera inmediata le repercute al producto hasta 30% dependiendo el momento, porque más o menos ha estado en números redondos la depreciación del peso frente al dólar”.
Sheffield Padilla comentó que la Profeco no permite que los comerciantes especulen con la contingencia sanitaria, y buscan que cualquier aumento se justifique, por lo que ya se hizo un análisis de qué productos pueden subirse y cuáles no.
Lea también: Recomienda Profeco pago de colegiaturas, pese a emergencia sanitaria 
Dijo que unas de las toallas o aerosoles para desinfectar de una marca muy famosa son de importación y por ello se justifica su aumento de 30%, aunque depende del momento en que se haga la importación.
En el caso de los frijoles se cosechó en México en los meses de octubre noviembre y diciembre del 2019, es decir, ya se acopió por distintos canales, entonces no tiene razón de subir, porque se compró en pesos.
Pero, en el caso de la melaza de la caña de azúcar con la que se hace el alcohol empezó a subir su precio porque hubo un aumento de demanda y el 8% de la producción de azúcar se tiene que exportar a Estados Unidos, entonces el gobierno mexicano decidió comprar cierta cantidad de melaza para procesarla y hacer alcohol.
",Productos importados para la contingencia pueden subir hasta 30%: Profeco
"
La socialité Kylie Jenner fue captada en las calles de Beverly Hills luego de que se reveló que compró una lujosa mansión en California. 

La multimillonaria empresaria lució sus abs de impacto con un crop top blanco de tela ligera y resaltó su diminuta cintura con un pantalón de mezclilla abultado de Alexander Wang, con un costo de más de 250 dólares. 

La hermana menor de Kim Kardashian complementó su atuendo con unos tenis blancos y un bolso negro de Prada. Además, salió con un cubrebocas blanco para seguir las medidas de protección contra el coronavirus, aunque por un momento se lo quitó. 


Foto: Grosby Group

Aunque hace unos días sorprendió al salir a la calle con el rostro al natural, esta vez lució perfectamente maquillada con tonos rosados en labios y párpados, y peinada con mechones lacios cayendo como cascada sobre sus hombros. 

Jenner ha pasado las últimas semanas encerrada en su casa con su hija y su madre, pero el fin de semana tuvo que salir a comprar algunas provisiones.

Lee también






Demi Rose y Eiza González modelan minivestidos negros en Instagram


Las celebridades Demi Rose y Eiza González mostraron dos maneras distintas de llevar esta prenda 


 

En plena pandemia, Kylie Jenner dejó claro que la crisis económica no la ha alcanzado. Se compró una mansión con un valor de 36.5 millones de dólares en la zona de Holmby Hills, en el condado de Los Ángeles, en California, y la estrenó de inmediato.

La residencia, de mil 788 metros cuadrados, tiene siete habitaciones y una espectacular alberca tras cruzar las puertas de vidrio de la sala principal. También cuenta con un gimnasio, un cine privado, una pantalla al aire libre, así como canchas de tenis, pickleball y basquetball.

 




 


 

 



 




Ver esta publicación en Instagram


 



 

 

 



 

 



 

 

 




 

 


Una publicación compartida por Kylie  (@kyliejenner) el 27 de Abr de 2020 a las 3:21 PDT




 

Asimismo, posee un alto nivel de seguridad y privacidad, algo sumamenta valorado por Kylie Jenner, tras pasar todo su embarazo escondida en una de sus casas para ocultarlo de los paparazzis.

La mansión se vendía por 45 millones de dólares, pero la magnate y su equipo inmobiliario alcanzaron un acuerdo para comprarla en 36.5 millones de dólares. 

Jenner se alejará un poco del resto de su familia en Calabasas, pero la nueva residencia está más cerca del hogar de su hermana Kendall y de Travis Scott, el padre de su hija Stormi. 

Mira en la galería de arriba las fotos más sexys de Kylie Jenner. 

 




 


 

 



 




Ver esta publicación en Instagram


 



 

 

 



 

 



 

 

 




 

 


Una publicación compartida por Kylie  (@kyliejenner) el 25 de Abr de 2020 a las 2:34 PDT




 

Visita






Jennifer Lopez presume su figura con bralette de encaje en Miami


La cantante fue captada cuando se quitó la blusa frente a la exesposa de su prometido Alex Rodríguez 


 

pb

 
",
"
Miami, en esencia es un paraíso, por lo que no pudo haber mejor lugar para la maravillosa torre Missoni Baia, la cual es reconocida por ser una de las más altas de este lugar, aportando presencia.
La arquitectura plasmada en este proyecto, da voz a la visión de Asymptote Architecture, firma precursora en la tendencia de la tecnología y el arte transportados en la arquitectura.Missoni, la icónica casa de modas italiana, ofrece tanto una forma de vida como un estilo, a través de un diseño visionario y una destreza innovadora. El singular estilo colorido de Missoni es la esencia de un sentido de placer y de lujo casual. Hoy, por primera vez en su historia, Missoni concentra una sinergia sinigual entre la sensibilidad, la elegancia y la exclusividad a través de un condominio residencial: Missoni Baia.Missoni Baia
Este proyecto cuento cuenta con 249 residencias, las cuales fueron hechas con el más alto sentido de la elegancia. Fueron diseñadas con apartamentos de una a cinco habitaciones, y de 72 metros cuadrados a 353 metros cuadrados.
Amenidades de vanguardia
Missoni Baia se trata de una experiencia 360°, en donde cada rincón es un universo.
Loby: Techo de triple altura en la recepción, conserje personal y recepcionista las 24 horas, sala de paquetes, servicio de valet parking, lounge residencial frente a la bahía, terraza al aire libre frente a la bahía, extenso paisaje de terrazas al aire libre para su privacidad, acceso a la terraza frente a la bahía.
Quinto piso: Salón de belleza, club infantil y zona de juegos, spa para mascotas, oficina del gerente del edificio, sala de juegos para residentes con mesa de billar, bar, pantalla gigante y asientos estilo lounge.
Sexto piso: Terraza con vistas a la bahía con múltiples zonas lounge, terraza con piscina frente a la bahía, terraza lounge interior frente a la bahía con techo de doble altura, salón para cenas privadas y fiestas para los residentes, sala de proyecciones privada.
Séptimo piso, edificio: Gimnasio de 158 metros cuadrados con vistas de 180° de la bahía, estudio de yoga privado, sala de entrenamiento privada, vestidor para hombres y mujeres, amplio spa únicamente para residentes con sauna y baños de vapor para hombres y mujeres y salas para tratamiento de masaje privadas con ducha.
Séptimo piso, terraza: Puente al aire libre que conecta las amenidades del interior del séptimo piso con la terraza y las piscinas, piscina de longitud olímpica, piscina lounge, spa de hidromasaje al aire libre, tumbonas junto a la piscina, zona acuática con juegos para los niños, área de césped infantil, parrillas y bar cabaña para cenar al aire libre, dos salones junto a la piscina para los residentes, vestidores privados para hombres y mujeres, cancha de tenis elevada.
Piscinas: Los servicios acuáticos de los condominios de lujo de missoni baia ofrecen oportunidades para actividades tanto recreativas como deportivas.East EdgewaterMissoni Baia, se encuentra ubicado en donde convergen vecindarios de alto valor intelectual, con una gran riqueza cultural; en donde emerge la creatividad. East Edgewater habla de la pasión por el arte y el gusto por la buena vida, casual, lujosa y desenfadada, que son el alma de la filosofía Missoni.
Estos elegantes departamentos de Missoni Baia se anidan entre Biscayne Bay y el dinámico Design District, haciendo que su ubicación sea el centro de todo lo que uno necesita.La diversidad de Missoni
En Missoni encontrarás una gama de sorpresas que deleitarán tus sentidos. La vista a la ciudad, a la bahía, a Miami Beach, y el horizonte oceánico, son sólo algunos de los paisajes que podrán acompañar tu día a día.
Tienen una alta oferta de viviendas, y todas son únicas y especiales, las más grandes contienen tres asombrosos dúplex, acompañados de amplias terrazas privadas a la orilla del agua, además de incluir dos espaciosos penthouses con la opción de convertirs en una unidad más grande.
Si quieres vivir esta experiencia en Miami, no dudes en visitar su Showroom en Polanco, el cual se encuentra en Arisoteles 123, entrada por Presidente Masaryk. Encontrarás hermosas residencias, también puedes agendar tu cita al +5562739930. Consulta https://www.missonibaia.com/?lang=es
 
","Missoni Baia, una de las torres más altas y novedosas de Miami"
" 0 % PULSO SOCIAL0 Una de las películas más reconocidas durante el 2019 fue, sin duda, Joker. La cinta protagonizada por Joaquin Phoenix y dirigida por Todd Phillips, se quedó con dos premios Óscar, a Mejor Banda Sonora y Mejor Actor.
Phoenix se sometió a una transformación radical para dar vida a Arthur Fleck, un hombre que vive agobiado por diversos traumas, que a final de cuentas lo llevan a convertirse en la imagen de todo un movimiento en Gotham.
Las expectativas que se habían puesto sobre esta cinta eran enormes, pero las cumplió. Ahora, a través de su cuenta en Instagram, Phillips ha decidido compartir algunas fotos inéditas del detrás de cámaras de Joker. 
Algunas de las imágenes muestran a Joaquin caracterizado como el enemigo de Batman y en otras, muestra aspectos de ambientación de la cinta. Aquí en De10.mx te las mostramos...

 
 
 

Ver esta publicación en Instagram

Una publicación compartida de Todd Phillips (@toddphillips1) el 26 Abr, 2020 a las 1:29 PDT


 
 La enfermedad que inspiró la risa del Joker de Joaquin Phoenix
En otra publicación, Todd expresó el deseo de que sus seguidores se encuentren a salvo de la pandemia por coronavirus: “Espero que todos se mantengan sanos y seguros. Algunas fotos más de BTS, parece que hace mucho tiempo. En el set con el mejor elenco y equipo”.

 
 
 

Ver esta publicación en Instagram

Una publicación compartida de Todd Phillips (@toddphillips1) el 24 Abr, 2020 a las 2:25 PDT


 
Todd Phillips también aprovechó para compartir una foto que circuló en redes sociales, en la que se ve al Joker usar cubrebocas.

 
 
 

Ver esta publicación en Instagram

Una publicación compartida de Todd Phillips (@toddphillips1) el 13 Mar, 2020 a las 9:59 PDT


Con información de Smash México y RPP.
 
VIDEO:


",
" 0 % PULSO SOCIAL0 Si eres adicto a las series, seguro te has enfrentado a un problema muy particular esta cuarentena. Mientras te recomiendan una y otra vez series que según son “buenísimas”, tú ya las viste y sencillamente no encuentras algo nuevo que te “atrape” para pegarte al televisor.
Muchos aman clásicos como Friends, Breaking Bad o Game of Thrones, pero no puedes vivir repitiendo los episodios una y otra vez. Hay personas que simplemente necesitan un extra, algo distinto y original para disfrutar de una serie. 
Para que no pierdas horas escaneando las plataformas de streaming en busaca de tu nuevo programa favorito, te presentamos 5 series para quiénes ya lo vieron todo, pues a pesar de ser historias poco conocidas, tiene actores de primer nivel… 
 
1. Summer of Rockets
Este thriller ambientado en Gran Bretaña en 1957 consta de solo seis episodios que te mantendrán al borde del asiento. Cuenta la historia de Samuel Petrukhin (Toby Stephens), un emigrante ruso que se convierte en sospechoso de espionaje, en una época de alta tensión entre Rusia e Inglaterra.

Foto: Little Island Productions
 
2. Homecoming
Protagonizada por Julia Roberts y creada por Sam Email, la mente detrás de Mr. Robot, esta serie se centra en Heidi Bergman, una asistente social que ayuda a soldados a reintegrarse en la vida cotidiana. Las cosas se irán complicando a medida que se revelen secretos e intrigas ocultos bajo la superficie.

Foto: Amazon Studios
 
3.The Accident
Sarah Lancashire interpreta a Polly, la esposa de un político que vive en un pequeño pueblo, donde un desafortunado accidente resulta en la muerte de varios niños. Mientras se desarrolla el drama personal, también comenzará una batalla por la justicia.
10 miniseries que puedes ver en Netflix durante la cuarentena

Foto: Channel 4
 
4. Counterpart
Protagonizada por J.K. Simmons (Whiplash), se concentra en la vida de Howard Silk, quien tiene un trabajo rutinario en el gobierno. Su vida cambia al descubrir un portal que lo lleva a otra dimensión, donde conoce a su otro yo.

Foto: Starz
 
5. Derry Girls
Cuenta la vida de cinco adolescentes en la localidad de Derry, Irlanda del Norte. En plena década de los noventas, en esta zona se vivía al máximo la tensión entre católicos y protestantes, pero a la par, la vida de los jóvenes seguía en desarrollo. Perfecto para quienes aman los diálogos inteligentes y sarcásticos.

Foto: Hat Trick Productions
 
 
VIDEO:

",
"

El Proyecto de guía bioética de asignación de recursos en medicina crítica que se pretende implementar en nuestro país como un sistema de triaje para enfrentar la epidemia de Covid-19 está basado principalmente en el documento médico y científico Allocation of Scare Critical Care Resources During a Public Health Emergency, publicado por el Departamento de Medicina de Terapia Intensiva de la Escuela de Medicina de la Universidad de Pittsburgh.

A petición de EL UNIVERSAL, el doctor Douglas B. White, quien encabeza al equipo de autores del texto, responde sobre este trabajo que ha sido utilizado como referencia en nuestro país en un proyecto de guía de triaje que debe ser aprobado en los próximos días por el Consejo de Salubridad General de México.

En días pasados, el Proyecto de guía mexicano fue objeto de duras críticas por especialistas, la opinión pública y medios de información debido a la exclusión que se planteaba para darle atención prioritaria a jóvenes en perjuicio de los ancianos que lleguen infectados de Covid-19 a los hospitales del país, con necesidad de utilizar un ventilador, bajo el argumento de que hay que salvar más vidas y más “vidas por concluir”, considerando que los jóvenes tienen más etapas por vivir. Esto, sin embargo, no está resuelto así por la guía de Pittsburgh.

El doctor White dirige el Programa de ética y toma de decisiones en enfermedades críticas de la Universidad de Pittsburgh. Su programa de investigación abarca tanto la investigación empírica como el análisis ético normativo en la toma de decisiones para pacientes con enfermedades potencialmente mortales. Su trabajo tiene dos objetivos centrales: identificar los factores que afectan negativamente la toma de decisiones sustitutas para pacientes críticos; y desarrollar y probar intervenciones para mejorar la toma de este tipo de decisiones. La labor normativa se centra en cuestiones éticas que surgen en las unidades de cuidados intensivos, incluida la asignación de recursos cuando son escasos, así como el desarrollo de procesos justos para pacientes incapacitados que carecen de tomadores de decisiones sustitutos.

White tiene estudios en curso financiados por los Institutos Nacionales de Salud de EU. Ha publicado ampliamente utilizando métodos cuantitativos y cualitativos para examinar el proceso de toma de decisiones en unidades de cuidados intensivos. En este trabajo colabora con un grupo multidisciplinario de investigadores con experiencia en derecho, filosofía, sociología, bioestadística e investigación en servicios de salud.
 También lee: Revisan nuevo proyecto de Guía Bioética; ya no prioriza a jóvenes sobre ancianos

¿Cómo explicar la importancia de un documento como Allocation of Scare Critical Care Resources During a Public Health Emergency tanto a nivel científico como en su potencial impacto en la vida diaria durante la pandemia?

Este trabajo empezó hace una década con el compromiso y la participación de diferentes miembros de la comunidad científica, como especialistas en ética y expertos en medicina frente a situaciones de desastre. Una fortaleza importante del documento es que no excluye a nadie en la elegibilidad para cuidados críticos, garantiza que nadie quede categóricamente excluido del acceso, algo que sí han hecho muchas otras estrategias de asignación de recursos médicos escasos en situaciones críticas. El problema con ese tipo de exclusiones es que dejan abiertas serias preocupaciones para los ciudadanos, que pueden llegar a sentir que se juzga que no vale la pena salvar sus vidas. Este marco de asignación también incorpora nuestro compromiso con la justicia social y la protección de las personas con discapacidad.

Este documento se usa hoy en México como referencia para la creación de una guía para la asignación de recursos en situación de contingencia. ¿Es posible adaptar este tipo de documentos a países como el nuestro, con escasos recursos en salud pública siempre? ¿Habría que tomar consideraciones específicas?

Es muy importante que las sociedades desarrollen sus estrategias para utilizar sus recursos médicos y de salud pública finitos de la manera que más beneficie a sus ciudadanos. El establecimiento de prioridades es difícil, pero el proceso que nosotros hemos utilizado puede ser valioso como punto de partida para después involucrar a sus propias comunidades de especialistas en estas difíciles preguntas.

En México se publicó un borrador que daba prioridad a las personas más jóvenes. Eso activó alarmas e hizo que la población desconfiara de la verdadera ética del documento, que finalmente se corrigió. ¿Cómo deben ser considerados los adultos mayores en la asignación de recursos?

En tiempos de emergencias en salud pública es de vital importancia honrar nuestro compromiso de promover que el bien común trabaje al mismo ritmo que nuestros compromisos de no discriminación con cualquier grupo. El objetivo debe ser que la sociedad surja de la emergencia más unida que dividida.
 También lee: Guía Bioética, “inadecuada” ante contingencia por Covid-19: experto de la UNAM

¿Por qué es importante un trabajo al unísono, de investigación empírica y normativa, para crear este tipo de pautas bioéticas?

Porque sin este tipo de trabajo es probable que haya una gran variabilidad en la asignación de recursos de un hospital a otro, por ejemplo, en cuanto a quién recibe un ventilador en este caso. Las decisiones podrían ser muy sesgadas o mal pensadas, de modo que se podrían perder muchas más vidas.

En un país como México donde la ciencia no es una prioridad, donde hay pocos datos y el sistema de salud pública carece de herramientas básicas, además de que se desarrolla con grandes diferencias regionales, ¿es posible seguir un modelo tan preciso como el propuesto por su guía?

Desarrollamos este marco para que sea práctico y simple. Incluso si no se puede seguir el marco exacto, es probable que sea posible lograr los objetivos éticos recomendados, pero planteando y utilizando estrategias alternativas. Por ejemplo, si no es factible ejecutar todos los laboratorios para calcular una puntuación SOFA (para determinar las posibilidades de supervivencia), otra opción sería que el médico utilice su propio juicio clínico para estimar las posibilidades de supervivencia del paciente.

¿Podemos entender la bioética de la misma forma en todo el mundo? ¿El enfoque bioético cambiará de alguna manera después de la pandemia actual?

Debido a los márgenes existentes en las diferentes sociedades sobre lo que es considerado una prioridad cuando se trata de asignar recursos escasos, cada país debe desarrollar pautas de asignación que sean las que finalmente reflejen sus valores y compromiso con la justicia social.
","""Sin guía bioética se podrán perder muchas vidas"" "
"
El peso reporta una apreciación significativa frente al dólar, después de que la Reserva Federal (Fed) de Estados Unidos anunció hoy que mantiene su principal tasa de interés entre 0% y 0.25%, y ante el optimismo de una posible reapertura económica de algunos países, así como por expectativa positiva sobre el medicamento contra la coronavirus (Covid-19).
 
Algunos participantes del mercado esperaban que el banco central llevaría a niveles negativos los tipos de interés este miércoles. 
 
En estos momentos, la moneda mexicana se sitúa en 23.86 unidades por dólar, 44 centavos o 1.8% menos que ayer, de acuerdo con información de la agencia Bloomberg.
 
También lee: Fed anuncia 2.3 bdd en nuevos créditos para “sostener la economía”
""La Reserva Federal está comprometida a usar todas las herramientas a su disposición para apoyar la economía de Estados Unidos en estos momentos desafiantes y, de este modo, promover sus objetivos de pleno empleo y estabilidad de precios"", reveló el comunicado del banco central central más influyente del mundo. 
 
La Fed mantuvo su intención de comprar bonos soberanos y cédulas hipotecarias en las cantidades ""necesarias"" para asegurar un correcto funcionamiento del mercado.
 
A mediados de marzo, la autoridad redujo por sorpresa su tasa de interés a los niveles actuales, luego de haberla recortado a 1% a comienzos del mismo mes, cuando la incertidumbre sobre de la Covid-19 todavía no se disparaba. 
 
El mes pasado, la Fed también aprobó la compra ilimitada de bonos del Tesoro y títulos respaldados por hipotecas hasta que las condiciones de los mercados se normalicen. 
 
""La Fed sin cambios. Tipo de cambio sigue bajando ante optimismo de posible reapertura económica de algunos países y por expectativa positiva sobre el medicamento contra el Covid-19. Aún no puede decirse que el tipo de cambio tiene tendencia de baja hasta que llegue a 23.25 pesos"", publicó esta tarde Gabriela Siller, economista en jefe de banco Base, en su cuenta de Twitter. 
vcr
",El peso gana luego de que la Fed anunció que sus tasas se mantienen en casi 0%
"
El director de la Organización Mundial de la Salud (OMS) anunció que reunirá el jueves los expertos del comité de emergencia para analizar la evolución de la pandemia del coronavirus, tres meses después de la declaración de emergencia sanitaria internacional.
Ante las críticas que se multiplican contra la acción de las autoridades sanitarias mundiales, el responsable de la OMS, Tedros Adhanom Ghebreyesus, detalló una vez más todas las medidas adoptadas desde enero por la organización, y anunció que convocará ""de nuevo el comité de emergencia"" el jueves.
El 30 de enero, la OMS decretó que la situación correspondía a una ""emergencia sanitaria de alcance internacional"", el nivel más elevado de alerta y, en este caso, el Reglamento Sanitario Internacional prevé que el comité de urgencia se reúna al menos una vez cada tres meses.
Desde entonces, es la primera vez que Tedros Adhanom Ghebreyesus convoca de nuevo este comité. En aquel momento, había en el mundo, fuera de China, 82 casos de contagio y ningún fallecimiento, según la OMS.
También lee: Pandemia, aún lejos de finalizar: OMS
El nuevo coronavirus, detectado en diciembre en China, se ha propagado desde entonces a nivel planetario, causando más de 217 mil muertos, según un recuento de la AFP establecido a partir de fuentes oficiales.
""Durante estos tres meses, la OMS ha trabajado día tras días para lanzar la alarma, apoyar a los países y salvar vidas"", afirmó el responsable de la institución en una conferencia telemática desde Ginebra.
También lee: Coronavirus: qué son los ""mercados mojados"" y por qué son una preocupación sanitaria para la OMS 
Aunque un gran número de países o dirigentes han expresado su apoyo a la OMS, algunos han puesto en entredicho su actuación, entre ellos, Estados Unidos, que ha suspendido su aporte financiero.
Tedros Adhanom Ghebreyesus reiteró el miércoles que la organización se había comprometido a ser ""transparente"", e insistió en su llamado a la ""unidad a nivel nacional y a la solidaridad a nivel mundial"".
""Más que nunca, la raza humana tiene que unirse para vencer este virus"", abundó.
También lee: Mitad de muertes por coronavirus en Europa ocurrieron en asilos de ancianos: OMS
""Ya lo he dicho: este virus puede hacer estragos... más que cualquier otro ataque terrorista. Puede provocar vuelcos políticos, económicos y sociales"", advirtió.

lsm
 
",OMS anuncia reunión de su comité de emergencia para evaluar pandemia
"
La cancelación de la temporada en la Ligue 1 de Francia es un llamado más de atención. La crisis en el deporte parece inminente y se presentará una vez que termine la contingencia sanitaria por la pandemia de Covid-19.
Las Ligas de Bélgica, Países Bajos y ahora la francesa, son apenas las primeras víctimas de esta emergencia, en lo que al negocio deportivo se refiere. Ya en otros momentos, hemos planteado que las pérdidas en Europa —ante la posible cancelación de las principales competiciones— pueden llegar a los cuatro mil millones de dólares.
Y esa es la gran preocupación de los involucrados. En Inglaterra, España, Alemania e Italia —que son las Ligas de las que hablamos—, están esperando hasta lo último para tomar una determinación.
La UEFA, por su parte, les ha dado hasta el 25 de mayo para decidirse, aunque claro que esto no es solamente algo que va a salir de los directivos, sino que tiene que salir —además— de los ministerios de salud de estas naciones.
En este caso, el deporte, y aunque se trate de las Ligas más poderosas del planeta, no se manda solo, con todo y el riesgo que corre. Por supuesto que, además de las cuestiones de salud, existen otras variables que se deben considerar. Eso está claro y por eso el trabajo debe ser minucioso.
LEER TAMBIÉN: El PSG jugará la Champions a pesar de la cancelación del torneo en Francia
Reformar los calendarios no es cosa sencilla, por todas las competencias que tienen. Por eso es que se habla y se piensa que —al final del día— alguna tendrá que ser sacrificada. Lo mismo pasa en México, en donde también esperan luz verde de las autoridades para terminar el plan a seguir o dar una fecha de regreso. Pero no solamente es el futbol.
Hoy, nos damos cuenta de la fragilidad que puede tener una estructura que veíamos tan sólida como la de la industria deportiva. Y lo mismo pasa en otras grandes Ligas como la NBA, NFL, MLB y NHL. Igual en el boxeo, en el que se mueven millones y millones de dólares alrededor del mundo.

 
 Jugar o llevar a cabo las funciones a puerta cerrada parece la última opción, en busca de rescatar al deporte de esta crisis. No es lo ideal, no es lo que mayoría quiere. Incluso, grandes estrellas del futbol, basquetbol y beisbol han manifestado que quieren jugar sin público y esta parece —ahora mismo— la principal solución para reactivar la dañada economía deportiva alrededor del mundo.
Lo que estamos viviendo en estos momentos, las pérdidas que las Ligas, competencias, equipos y empresarios están teniendo, no son lo más grave todavía. Eso está por venir, y tendrán que hacer un trabajo muy detallado, tomar decisiones rápidas, pero bien pensadas, para que lo que viene no los termine de hundir o, en algunos casos, incluso los orille a desaparecer.
@gvlo2008[email protected]
",La crisis aumenta en el deporte
"
En 1965 se desató en México la fiebre de los ovnis. Centenares de avistamientos en todos los estados del país fueron reportados por la prensa. Los ovnis perseguían automovilistas por las noches en las carreteras solitarias. Se les veía desplomarse en llamas en los campos. Cientos de personas telefoneaban al Observatorio para reportar la presencia de objetos en el cielo.
“Merodean los platillos por nuestras montañas”, cabeceó El Universal Gráfico su nota principal, el 26 de septiembre de 1965. La oleada se intensificó entre junio y septiembre.
El primer mexicano que tuvo un contacto extraterrestre fue un taxista de Tamaulipas. Relató que su auto se había descompuesto una noche en un camino de Nuevo Laredo, y que un ser de otro planeta lo había ayudado a repararlo. No solo eso: aquel humanoide, de un metro de altura, vestido “con un uniforme hecho con un material parecido a la pana”, y que llevaba la cabeza cubierta con un casco semejante a los del futbol americano, lo subió a su nave y lo llevó a conocer Venus.
Las cejas, la nariz y la boca de aquel ser “formaban un conjunto maravilloso, que completaban un par de ojos verde brillante que recordaban los de una fiera”, escribió el taxista en un libro que recogió aquella experiencia (“Yo estuve en el planeta Venus”).
Pero ese encuentro había ocurrido una década antes de la ola de avistamientos de 1965. En agosto de ese año tres estudiantes del Poli relataron que habían atestiguado el descenso de una nave en Zacatenco. Según una nota publicada en La Prensa, los extraterrestres se comunicaron con ellos telepáticamente y los llevaron a conocer Ganímedes, la tercera luna de Júpiter (el viaje de ida y vuelta duró solo tres horas).
Esa extraña era de luces y objetos en el cielo comenzó la tarde de 1947 en la que un piloto que buscaba una nave militar perdida se encontró de frente, en las inmediaciones del Monte Rainer, en Washington, con nueve objetos luminosos que volaban en formación y a una gran velocidad. Como se sabe, el piloto describió el vuelo de los objetos como el de “platos lanzados contra el agua”. La AP publicó la historia y se desató un estado de sicosis.
Solo ese año, la prensa reportó casi 900 avistamientos de discos o platillos volantes. Al misterio del Monte Rainer se sumó el del Área 51, en el desierto de Nevada: esa misteriosa base de la fuerza aérea, a la que rodean toda suerte de teorías extrañas —y a la que se dice que fue llevada una nave espacial que se desplomó en Roswell, y que el gobierno estadounidense oculta.
Antes de que terminara 1947, un fanático de las novelas de Julio Verne y H. G. Wells, Pedro Ferriz Santa Cruz, lanzó en México un programa de radio dedicado a revisar el fenómeno de los avistamientos. Tuvo tal éxito que pronto pasó a la televisión, y en ella se quedó para siempre, con el nombre de “Un mundo nos vigila”.
Cuando llegó el verano de 1965, en el que todo mundo pasaba las noches escrutando el cielo, un maestro pintor que decía estar en contacto con extraterrestres anunció que el 1º de octubre, después de sobrevolar el país durante meses, una flota compuesta por tres mil objetos voladores desfilaría por Reforma para despedirse de los mexicanos. La nota llegó a la televisión, y de ahí a todo México.
El 1º de octubre, según nota de Ariel Ramos publicada en EL UNIVERSAL, 20 mil personas se aglomeraban en el histórico paseo esperando el paso de las naves interplanetarias, que deseaban dar muestras de poder y paz. Según Ramos, “la sicosis de los avistamientos fue en aumento” y fue necesario enviar a los granaderos. Pero como estos, en vez de controlar la situación, se dedicaron también a contemplar el cielo, se provocó un congestionamiento de horas, “que causó serios daños a las personas que tenían necesidad de llegar a tiempo a su trabajo”.
Los ovnis no desfilaron. Ramos oyó decir a algunos de los asistentes que esto era seguramente “porque el presidente Díaz Ordaz no está en la ciudad”. Aquello terminó como debía: con jóvenes entregados al choteo, la fiesta y el desmadre (“nunca se pensó en una agresión extraterrestre”, consignó el Diario de la tarde), y con carteristas confundidos entre la multitud que, según consignó Excélsior, “hicieron su agosto con los famosos platívolos” (“Desvalijaron a personas que miraban el cielo. Y todo por unos extraños objetos errabundos que llamaron la atención”).
Aquel fiasco no detuvo, sin embargo, el mundo de los ovnis. Contra todas las opiniones de la ciencia, siguieron los avistamientos, las noticias. Como ecos de aquel clima pronto llegaron a la televisión series clásicas que narraban contactos extraterrestres y viajes intergalácticos. La mayor de estas, “Los invasores”, en cuya introducción, una voz enunciaba con aire grave: “Los invasores, seres extraños de un planeta que se extingue…”.
Durante esos años la “ufología” cundió. Cundió como una peste. Desde los puestos de periódicos, la legendaria revista “Duda”, cuyo lema era “lo increíble es la verdad”, inquietaba a los niños de mi tiempo con números que afirmaban que la luna era una base extraterrestre, y que los dioses de la antigüedad habían sido cosmonautas.
Con el tiempo los ovnis dejaron de espantar; muchos nos reímos de ellos. No sé por qué, el Pentágono acaba de desclasificar unos videos ocultos. Esas imágenes enigmáticas nos dicen que estamos de vuelta en un reino perdido: el reino en el que lo increíble es la verdad, el reino en el que los dioses son cosmonautas, y en el que, como decía Ferriz, un mundo nos vigila.

@hdemauleon[email protected]
",Un mundo nos vigila
